[
  {
    "featureType":"background",
    "elementType":"geometry.fill",
    "stylers":{
      "color":"#D3F559"
    }
  },
  {
    "featureType":"land",
    "elementType":"geometry.fill",
    "stylers":{
      "color":"#D3F559"
    }
  },
  {
    "featureType":"land",
    "elementType":"geometry.stroke",
    "stylers":{
      "color":"#ffffff"
    }
  },
  {
    "featureType":"water",
    "elementType":"geometry.fill",
    "stylers":{
      "color":"#a3ccff"
    }
  },
  {
    "featureType":"water",
    "elementType":"geometry.stroke",
    "stylers":{
      "color":"#ffffff"
    }
  },
  {
    "featureType":"green",
    "elementType":"geometry.fill",
    "stylers":{
      "color":"#6BAE44"
    }
  },
  {
    "featureType":"green",
    "elementType":"geometry.stroke",
    "stylers":{
      "color":"#ffffff"
    }
  },
  {
    "featureType":"highway",
    "elementType":"geometry.fill",
    "stylers":{
      "color":"#a6cfcf"
    }
  },
  {
    "featureType":"highway",
    "elementType":"geometry.stroke",
    "stylers":{
      "color":"#a6cfcf"
    }
  },
  {
    "featureType":"highway",
    "elementType":"labels.text.fill",
    "stylers":{
      "color":"#8B4513"
    }
  },
  {
    "featureType":"highway",
    "elementType":"labels.text.stroke",
    "stylers":{
      "color":"#33A1C9"
    }
  },
  {
    "featureType":"arterial",
    "elementType":"geometry.fill",
    "stylers":{
      "color":"#a6cfcf"
    }
  },
  {
    "featureType":"arterial",
    "elementType":"geometry.stroke",
    "stylers":{
      "color":"#ffffff"
    }
  },
  {
    "featureType":"arterial",
    "elementType":"labels.text.fill",
    "stylers":{
      "color":"#8EDBEF"
    }
  },
  {
    "featureType":"arterial",
    "elementType":"labels.text.stroke",
    "stylers":{
      "color":"#8EDBEF"
    }
  },
  {
    "featureType":"local",
    "elementType":"geometry.fill",
    "stylers":{
      "color":"#a6cfcf"
    }
  },
  {
    "featureType":"building",
    "elementType":"geometry.fill",
    "stylers":{
      "color":"#f4f3ee"
    }
  },
  {
    "featureType":"building",
    "elementType":"geometry.stroke",
    "stylers":{
      "color":""
    }
  },
  {
    "featureType":"railway",
    "elementType":"geometry.fill",
    "stylers":{
      "color":"#FFEA77"
    }
  },
  {
    "featureType":"railway",
    "elementType":"geometry.stroke",
    "stylers":{
      "color":"#FFFFFF"
    }
  },
  {
    "featureType":"subway",
    "elementType":"geometry.fill",
    "stylers":{
      "color":"#578C3E"
    }
  },
  {
    "featureType":"subway",
    "elementType":"geometry.stroke",
    "stylers":{
      "color":"#FFFFFF"
    }
  },
  {
    "featureType":"boundary",
    "elementType":"geometry.fill",
    "stylers":{
      "color":"#C3F8FC"
    }
  },
  {
    "featureType":"boundary",
    "elementType":"geometry.stroke",
    "stylers":{
      "color":"#FFFFFF"
    }
  },
  {
    "featureType":"poilabel",
    "elementType":"labels.text.fill",
    "stylers":{
      "color":"#8B4513"
    }
  },
  {
    "featureType":"poilabel",
    "elementType":"labels.text.stroke",
    "stylers":{
      "color":""
    }
  },
  {
    "featureType":"districtlable",
    "elementType":"labels.text.fill",
    "stylers":{
      "color":"#696969"
    }
  },
  {
    "featureType":"districtlable",
    "elementType":"labels.text.stroke",
    "stylers":{
      "color":""
    }
  }
]
